County,Year,Cases,Rate
ALAMEDA,2001,7,0.5
ALAMEDA,2002,2,0.1
ALAMEDA,2003,9,0.7
ALAMEDA,2004,12,0.9
ALAMEDA,2005,11,0.8
ALAMEDA,2006,30,2.2
ALAMEDA,2007,26,1.9
ALAMEDA,2008,27,2.0
ALAMEDA,2009,12,0.9
ALAMEDA,2010,20,1.4
ALAMEDA,2011,23,1.6
ALAMEDA,2012,21,1.5
ALAMEDA,2013,28,1.9
ALAMEDA,2014,24,1.6
ALAMEDA,2015,38,2.5
ALAMEDA,2016,48,3.2
ALAMEDA,2017,66,4.3
ALAMEDA,2018,75,4.9
ALAMEDA,2019,96,6.2
ALAMEDA,2020,67,4.3
ALAMEDA,2021,98,6.4
ALAMEDA,2022,76,5.0
ALAMEDA COUNTY TOTAL,2001,8,0.5
ALAMEDA COUNTY TOTAL,2002,2,0.1
ALAMEDA COUNTY TOTAL,2003,9,0.6
ALAMEDA COUNTY TOTAL,2004,12,0.8
ALAMEDA COUNTY TOTAL,2005,11,0.8
ALAMEDA COUNTY TOTAL,2006,31,2.1
ALAMEDA COUNTY TOTAL,2007,26,1.8
ALAMEDA COUNTY TOTAL,2008,27,1.8
ALAMEDA COUNTY TOTAL,2009,13,0.9
ALAMEDA COUNTY TOTAL,2010,21,1.4
ALAMEDA COUNTY TOTAL,2011,25,1.6
ALAMEDA COUNTY TOTAL,2012,23,1.5
ALAMEDA COUNTY TOTAL,2013,29,1.8
ALAMEDA COUNTY TOTAL,2014,24,1.5
ALAMEDA COUNTY TOTAL,2015,39,2.4
ALAMEDA COUNTY TOTAL,2016,48,2.9
ALAMEDA COUNTY TOTAL,2017,66,4.0
ALAMEDA COUNTY TOTAL,2018,76,4.6
ALAMEDA COUNTY TOTAL,2019,97,5.8
ALAMEDA COUNTY TOTAL,2020,68,4.1
ALAMEDA COUNTY TOTAL,2021,99,6.0
ALAMEDA COUNTY TOTAL,2022,79,4.8
ALPINE,2001,0,
ALPINE,2002,0,
ALPINE,2003,0,
ALPINE,2004,0,
ALPINE,2005,0,
ALPINE,2006,0,
ALPINE,2007,0,
ALPINE,2008,0,
ALPINE,2009,0,
ALPINE,2010,0,
ALPINE,2011,0,
ALPINE,2012,0,
ALPINE,2013,0,
ALPINE,2014,0,
ALPINE,2015,0,
ALPINE,2016,0,
ALPINE,2017,0,
ALPINE,2018,0,
ALPINE,2019,0,
ALPINE,2020,0,
ALPINE,2021,0,
ALPINE,2022,0,
AMADOR,2001,0,
AMADOR,2002,0,
AMADOR,2003,0,
AMADOR,2004,2,5.4
AMADOR,2005,1,2.7
AMADOR,2006,4,10.5
AMADOR,2007,2,5.3
AMADOR,2008,3,7.9
AMADOR,2009,2,5.3
AMADOR,2010,2,5.3
AMADOR,2011,3,8.1
AMADOR,2012,1,2.7
AMADOR,2013,0,
AMADOR,2014,0,
AMADOR,2015,4,10.8
AMADOR,2016,0,
AMADOR,2017,1,2.6
AMADOR,2018,7,17.5
AMADOR,2019,5,12.4
AMADOR,2020,7,17.3
AMADOR,2021,3,7.5
AMADOR,2022,5,12.5
BERKELEY,2001,1,1.0
BERKELEY,2002,0,
BERKELEY,2003,0,
BERKELEY,2004,0,
BERKELEY,2005,0,
BERKELEY,2006,1,0.9
BERKELEY,2007,0,
BERKELEY,2008,0,
BERKELEY,2009,1,0.9
BERKELEY,2010,1,0.9
BERKELEY,2011,2,1.7
BERKELEY,2012,2,1.7
BERKELEY,2013,1,0.9
BERKELEY,2014,0,
BERKELEY,2015,1,0.8
BERKELEY,2016,0,
BERKELEY,2017,0,
BERKELEY,2018,1,0.8
BERKELEY,2019,1,0.8
BERKELEY,2020,1,0.8
BERKELEY,2021,1,0.8
BERKELEY,2022,3,2.4
BUTTE,2001,0,
BUTTE,2002,0,
BUTTE,2003,0,
BUTTE,2004,3,1.4
BUTTE,2005,0,
BUTTE,2006,1,0.5
BUTTE,2007,5,2.3
BUTTE,2008,0,
BUTTE,2009,1,0.5
BUTTE,2010,2,0.9
BUTTE,2011,4,1.8
BUTTE,2012,4,1.8
BUTTE,2013,4,1.8
BUTTE,2014,1,0.4
BUTTE,2015,0,
BUTTE,2016,3,1.3
BUTTE,2017,4,1.7
BUTTE,2018,1,0.4
BUTTE,2019,6,2.6
BUTTE,2020,11,5.2
BUTTE,2021,13,6.3
BUTTE,2022,2,1.0
CALAVERAS,2001,0,
CALAVERAS,2002,0,
CALAVERAS,2003,1,2.3
CALAVERAS,2004,0,
CALAVERAS,2005,0,
CALAVERAS,2006,0,
CALAVERAS,2007,0,
CALAVERAS,2008,0,
CALAVERAS,2009,0,
CALAVERAS,2010,0,
CALAVERAS,2011,1,2.2
CALAVERAS,2012,2,4.4
CALAVERAS,2013,3,6.6
CALAVERAS,2014,1,2.2
CALAVERAS,2015,1,2.2
CALAVERAS,2016,1,2.2
CALAVERAS,2017,0,
CALAVERAS,2018,1,2.2
CALAVERAS,2019,3,6.6
CALAVERAS,2020,8,17.7
CALAVERAS,2021,1,2.2
CALAVERAS,2022,2,4.5
CALIFORNIA TOTAL,2001,1491,4.3
CALIFORNIA TOTAL,2002,1612,4.6
CALIFORNIA TOTAL,2003,2038,5.8
CALIFORNIA TOTAL,2004,2538,7.1
CALIFORNIA TOTAL,2005,2838,7.9
CALIFORNIA TOTAL,2006,3036,8.4
CALIFORNIA TOTAL,2007,2947,8.1
CALIFORNIA TOTAL,2008,2390,6.5
CALIFORNIA TOTAL,2009,2398,6.5
CALIFORNIA TOTAL,2010,4441,11.9
CALIFORNIA TOTAL,2011,5234,13.9
CALIFORNIA TOTAL,2012,4126,10.8
CALIFORNIA TOTAL,2013,3329,8.7
CALIFORNIA TOTAL,2014,2334,6.0
CALIFORNIA TOTAL,2015,3184,8.2
CALIFORNIA TOTAL,2016,5574,14.2
CALIFORNIA TOTAL,2017,7713,19.6
CALIFORNIA TOTAL,2018,7641,19.4
CALIFORNIA TOTAL,2019,9095,23.0
CALIFORNIA TOTAL,2020,7267,18.4
CALIFORNIA TOTAL,2021,8047,20.5
CALIFORNIA TOTAL,2022,7451,19.1
COLUSA,2001,0,
COLUSA,2002,0,
COLUSA,2003,0,
COLUSA,2004,3,14.9
COLUSA,2005,1,4.9
COLUSA,2006,3,14.4
COLUSA,2007,0,
COLUSA,2008,0,
COLUSA,2009,0,
COLUSA,2010,0,
COLUSA,2011,1,4.7
COLUSA,2012,0,
COLUSA,2013,0,
COLUSA,2014,0,
COLUSA,2015,1,4.7
COLUSA,2016,1,4.6
COLUSA,2017,0,
COLUSA,2018,2,9.2
COLUSA,2019,3,13.8
COLUSA,2020,1,4.6
COLUSA,2021,0,
COLUSA,2022,1,4.6
CONTRA COSTA,2001,7,0.7
CONTRA COSTA,2002,7,0.7
CONTRA COSTA,2003,13,1.3
CONTRA COSTA,2004,19,1.9
CONTRA COSTA,2005,19,1.9
CONTRA COSTA,2006,29,2.9
CONTRA COSTA,2007,22,2.2
CONTRA COSTA,2008,10,1.0
CONTRA COSTA,2009,14,1.3
CONTRA COSTA,2010,16,1.5
CONTRA COSTA,2011,31,2.9
CONTRA COSTA,2012,29,2.7
CONTRA COSTA,2013,38,3.5
CONTRA COSTA,2014,30,2.7
CONTRA COSTA,2015,50,4.4
CONTRA COSTA,2016,67,5.9
CONTRA COSTA,2017,89,7.7
CONTRA COSTA,2018,109,9.4
CONTRA COSTA,2019,134,11.5
CONTRA COSTA,2020,145,12.4
CONTRA COSTA,2021,135,11.6
CONTRA COSTA,2022,87,7.6
DEL NORTE,2001,0,
DEL NORTE,2002,0,
DEL NORTE,2003,0,
DEL NORTE,2004,0,
DEL NORTE,2005,0,
DEL NORTE,2006,0,
DEL NORTE,2007,0,
DEL NORTE,2008,0,
DEL NORTE,2009,0,
DEL NORTE,2010,0,
DEL NORTE,2011,0,
DEL NORTE,2012,0,
DEL NORTE,2013,0,
DEL NORTE,2014,0,
DEL NORTE,2015,0,
DEL NORTE,2016,1,3.7
DEL NORTE,2017,1,3.7
DEL NORTE,2018,0,
DEL NORTE,2019,0,
DEL NORTE,2020,0,
DEL NORTE,2021,0,
DEL NORTE,2022,0,
EL DORADO,2001,1,0.6
EL DORADO,2002,0,
EL DORADO,2003,2,1.2
EL DORADO,2004,2,1.2
EL DORADO,2005,1,0.6
EL DORADO,2006,2,1.1
EL DORADO,2007,0,
EL DORADO,2008,3,1.7
EL DORADO,2009,0,
EL DORADO,2010,0,
EL DORADO,2011,0,
EL DORADO,2012,1,0.6
EL DORADO,2013,1,0.5
EL DORADO,2014,2,1.1
EL DORADO,2015,1,0.5
EL DORADO,2016,2,1.1
EL DORADO,2017,5,2.7
EL DORADO,2018,2,1.1
EL DORADO,2019,5,2.7
EL DORADO,2020,3,1.6
EL DORADO,2021,3,1.6
EL DORADO,2022,6,3.2
FRESNO,2001,55,6.7
FRESNO,2002,73,8.8
FRESNO,2003,142,16.8
FRESNO,2004,130,15.1
FRESNO,2005,331,38.0
FRESNO,2006,665,75.0
FRESNO,2007,400,44.5
FRESNO,2008,323,35.4
FRESNO,2009,489,52.9
FRESNO,2010,724,77.8
FRESNO,2011,735,78.0
FRESNO,2012,483,50.9
FRESNO,2013,314,32.9
FRESNO,2014,163,16.9
FRESNO,2015,280,28.8
FRESNO,2016,614,62.8
FRESNO,2017,834,84.6
FRESNO,2018,644,64.8
FRESNO,2019,625,62.4
FRESNO,2020,449,44.6
FRESNO,2021,410,40.6
FRESNO,2022,448,44.3
GLENN,2001,0,
GLENN,2002,2,7.5
GLENN,2003,0,
GLENN,2004,1,3.7
GLENN,2005,0,
GLENN,2006,1,3.6
GLENN,2007,0,
GLENN,2008,0,
GLENN,2009,0,
GLENN,2010,0,
GLENN,2011,0,
GLENN,2012,0,
GLENN,2013,0,
GLENN,2014,0,
GLENN,2015,0,
GLENN,2016,0,
GLENN,2017,2,7.1
GLENN,2018,0,
GLENN,2019,2,7.0
GLENN,2020,1,3.5
GLENN,2021,3,10.4
GLENN,2022,2,7.0
HUMBOLDT,2001,0,
HUMBOLDT,2002,0,
HUMBOLDT,2003,1,0.8
HUMBOLDT,2004,0,
HUMBOLDT,2005,0,
HUMBOLDT,2006,0,
HUMBOLDT,2007,2,1.5
HUMBOLDT,2008,0,
HUMBOLDT,2009,0,
HUMBOLDT,2010,0,
HUMBOLDT,2011,1,0.7
HUMBOLDT,2012,1,0.7
HUMBOLDT,2013,0,
HUMBOLDT,2014,0,
HUMBOLDT,2015,1,0.7
HUMBOLDT,2016,0,
HUMBOLDT,2017,2,1.5
HUMBOLDT,2018,0,
HUMBOLDT,2019,2,1.5
HUMBOLDT,2020,2,1.5
HUMBOLDT,2021,2,1.5
HUMBOLDT,2022,3,2.2
IMPERIAL,2001,0,
IMPERIAL,2002,0,
IMPERIAL,2003,1,0.7
IMPERIAL,2004,4,2.6
IMPERIAL,2005,1,0.6
IMPERIAL,2006,4,2.5
IMPERIAL,2007,11,6.6
IMPERIAL,2008,7,4.1
IMPERIAL,2009,9,5.2
IMPERIAL,2010,4,2.3
IMPERIAL,2011,5,2.8
IMPERIAL,2012,12,6.8
IMPERIAL,2013,5,2.8
IMPERIAL,2014,2,1.1
IMPERIAL,2015,2,1.1
IMPERIAL,2016,11,6.1
IMPERIAL,2017,15,8.3
IMPERIAL,2018,19,10.5
IMPERIAL,2019,17,9.4
IMPERIAL,2020,5,2.8
IMPERIAL,2021,1,0.6
IMPERIAL,2022,20,11.2
INYO,2001,0,
INYO,2002,0,
INYO,2003,0,
INYO,2004,0,
INYO,2005,0,
INYO,2006,1,5.4
INYO,2007,0,
INYO,2008,0,
INYO,2009,0,
INYO,2010,0,
INYO,2011,0,
INYO,2012,0,
INYO,2013,0,
INYO,2014,1,5.3
INYO,2015,0,
INYO,2016,0,
INYO,2017,0,
INYO,2018,0,
INYO,2019,0,
INYO,2020,1,5.3
INYO,2021,3,15.9
INYO,2022,1,5.3
KERN,2001,948,139.5
KERN,2002,994,142.7
KERN,2003,1233,171.8
KERN,2004,1466,198.1
KERN,2005,1505,197.5
KERN,2006,1018,129.5
KERN,2007,1393,172.9
KERN,2008,835,101.8
KERN,2009,597,71.8
KERN,2010,1913,227.8
KERN,2011,2565,301.7
KERN,2012,1854,216.0
KERN,2013,1659,191.3
KERN,2014,931,106.7
KERN,2015,1083,123.3
KERN,2016,2258,256.4
KERN,2017,2793,314.5
KERN,2018,2951,329.5
KERN,2019,3385,374.8
KERN,2020,2631,290.6
KERN,2021,2819,310.4
KERN,2022,2407,264.9
KINGS,2001,37,27.9
KINGS,2002,46,34.2
KINGS,2003,51,36.8
KINGS,2004,73,51.2
KINGS,2005,128,88.5
KINGS,2006,233,158.0
KINGS,2007,138,91.8
KINGS,2008,185,121.8
KINGS,2009,204,134.4
KINGS,2010,386,252.3
KINGS,2011,375,247.5
KINGS,2012,242,161.6
KINGS,2013,108,72.2
KINGS,2014,78,52.5
KINGS,2015,104,70.0
KINGS,2016,235,159.2
KINGS,2017,273,183.3
KINGS,2018,173,114.5
KINGS,2019,220,145.0
KINGS,2020,157,103.2
KINGS,2021,168,110.9
KINGS,2022,168,111.0
LAKE,2001,0,
LAKE,2002,0,
LAKE,2003,0,
LAKE,2004,1,1.6
LAKE,2005,0,
LAKE,2006,0,
LAKE,2007,0,
LAKE,2008,0,
LAKE,2009,1,1.6
LAKE,2010,1,1.5
LAKE,2011,0,
LAKE,2012,0,
LAKE,2013,0,
LAKE,2014,0,
LAKE,2015,0,
LAKE,2016,2,3.0
LAKE,2017,2,2.9
LAKE,2018,1,1.5
LAKE,2019,2,2.9
LAKE,2020,2,3.0
LAKE,2021,0,
LAKE,2022,0,
LASSEN,2001,2,5.9
LASSEN,2002,0,
LASSEN,2003,2,5.9
LASSEN,2004,4,11.6
LASSEN,2005,0,
LASSEN,2006,1,2.9
LASSEN,2007,1,2.8
LASSEN,2008,0,
LASSEN,2009,0,
LASSEN,2010,0,
LASSEN,2011,0,
LASSEN,2012,0,
LASSEN,2013,0,
LASSEN,2014,0,
LASSEN,2015,9,28.4
LASSEN,2016,6,18.6
LASSEN,2017,0,
LASSEN,2018,1,3.0
LASSEN,2019,0,
LASSEN,2020,1,3.2
LASSEN,2021,0,
LASSEN,2022,1,3.4
LONG BEACH,2001,3,0.6
LONG BEACH,2002,5,1.1
LONG BEACH,2003,4,0.9
LONG BEACH,2004,1,0.2
LONG BEACH,2005,2,0.4
LONG BEACH,2006,4,0.9
LONG BEACH,2007,15,3.2
LONG BEACH,2008,16,3.5
LONG BEACH,2009,8,1.7
LONG BEACH,2010,12,2.6
LONG BEACH,2011,13,2.8
LONG BEACH,2012,21,4.5
LONG BEACH,2013,8,1.7
LONG BEACH,2014,19,4.0
LONG BEACH,2015,36,7.6
LONG BEACH,2016,15,3.2
LONG BEACH,2017,19,4.0
LONG BEACH,2018,12,2.5
LONG BEACH,2019,57,12.1
LONG BEACH,2020,55,11.7
LONG BEACH,2021,53,11.5
LONG BEACH,2022,66,14.3
LOS ANGELES,2001,76,0.8
LOS ANGELES,2002,88,1.0
LOS ANGELES,2003,98,1.1
LOS ANGELES,2004,148,1.6
LOS ANGELES,2005,224,2.4
LOS ANGELES,2006,192,2.1
LOS ANGELES,2007,156,1.7
LOS ANGELES,2008,224,2.4
LOS ANGELES,2009,184,2.0
LOS ANGELES,2010,230,2.5
LOS ANGELES,2011,302,3.3
LOS ANGELES,2012,312,3.3
LOS ANGELES,2013,338,3.6
LOS ANGELES,2014,383,4.0
LOS ANGELES,2015,521,5.5
LOS ANGELES,2016,714,7.5
LOS ANGELES,2017,906,9.5
LOS ANGELES,2018,996,10.4
LOS ANGELES,2019,1093,11.5
LOS ANGELES,2020,1023,10.7
LOS ANGELES,2021,1378,14.7
LOS ANGELES,2022,1461,15.8
LOS ANGELES COUNTY TOTAL,2001,79,0.8
LOS ANGELES COUNTY TOTAL,2002,94,1.0
LOS ANGELES COUNTY TOTAL,2003,103,1.1
LOS ANGELES COUNTY TOTAL,2004,150,1.5
LOS ANGELES COUNTY TOTAL,2005,226,2.3
LOS ANGELES COUNTY TOTAL,2006,197,2.0
LOS ANGELES COUNTY TOTAL,2007,172,1.8
LOS ANGELES COUNTY TOTAL,2008,242,2.5
LOS ANGELES COUNTY TOTAL,2009,194,2.0
LOS ANGELES COUNTY TOTAL,2010,245,2.5
LOS ANGELES COUNTY TOTAL,2011,316,3.2
LOS ANGELES COUNTY TOTAL,2012,335,3.4
LOS ANGELES COUNTY TOTAL,2013,347,3.5
LOS ANGELES COUNTY TOTAL,2014,403,4.0
LOS ANGELES COUNTY TOTAL,2015,558,5.5
LOS ANGELES COUNTY TOTAL,2016,731,7.2
LOS ANGELES COUNTY TOTAL,2017,934,9.2
LOS ANGELES COUNTY TOTAL,2018,1013,10.0
LOS ANGELES COUNTY TOTAL,2019,1154,11.5
LOS ANGELES COUNTY TOTAL,2020,1081,10.8
LOS ANGELES COUNTY TOTAL,2021,1450,14.6
LOS ANGELES COUNTY TOTAL,2022,1536,15.7
MADERA,2001,7,5.5
MADERA,2002,18,14.0
MADERA,2003,11,8.3
MADERA,2004,27,19.8
MADERA,2005,26,18.6
MADERA,2006,30,20.9
MADERA,2007,30,20.4
MADERA,2008,21,14.1
MADERA,2009,26,17.3
MADERA,2010,33,21.9
MADERA,2011,44,29.1
MADERA,2012,24,16.0
MADERA,2013,46,30.4
MADERA,2014,35,22.9
MADERA,2015,54,35.3
MADERA,2016,49,32.0
MADERA,2017,64,41.5
MADERA,2018,58,37.3
MADERA,2019,64,41.2
MADERA,2020,22,14.1
MADERA,2021,38,24.2
MADERA,2022,51,32.4
MARIN,2001,0,
MARIN,2002,1,0.4
MARIN,2003,1,0.4
MARIN,2004,2,0.8
MARIN,2005,2,0.8
MARIN,2006,0,
MARIN,2007,0,
MARIN,2008,1,0.4
MARIN,2009,2,0.8
MARIN,2010,4,1.6
MARIN,2011,3,1.2
MARIN,2012,1,0.4
MARIN,2013,6,2.3
MARIN,2014,2,0.8
MARIN,2015,1,0.4
MARIN,2016,2,0.8
MARIN,2017,4,1.5
MARIN,2018,5,1.9
MARIN,2019,5,1.9
MARIN,2020,6,2.3
MARIN,2021,4,1.5
MARIN,2022,2,0.8
MARIPOSA,2001,0,
MARIPOSA,2002,0,
MARIPOSA,2003,0,
MARIPOSA,2004,0,
MARIPOSA,2005,0,
MARIPOSA,2006,0,
MARIPOSA,2007,0,
MARIPOSA,2008,0,
MARIPOSA,2009,0,
MARIPOSA,2010,0,
MARIPOSA,2011,0,
MARIPOSA,2012,0,
MARIPOSA,2013,0,
MARIPOSA,2014,0,
MARIPOSA,2015,2,11.3
MARIPOSA,2016,3,17.0
MARIPOSA,2017,3,17.1
MARIPOSA,2018,1,5.8
MARIPOSA,2019,2,11.6
MARIPOSA,2020,1,5.8
MARIPOSA,2021,2,11.8
MARIPOSA,2022,1,5.9
MENDOCINO,2001,0,
MENDOCINO,2002,0,
MENDOCINO,2003,1,1.1
MENDOCINO,2004,1,1.1
MENDOCINO,2005,0,
MENDOCINO,2006,0,
MENDOCINO,2007,1,1.1
MENDOCINO,2008,0,
MENDOCINO,2009,0,
MENDOCINO,2010,0,
MENDOCINO,2011,1,1.1
MENDOCINO,2012,0,
MENDOCINO,2013,1,1.1
MENDOCINO,2014,0,
MENDOCINO,2015,1,1.1
MENDOCINO,2016,0,
MENDOCINO,2017,1,1.1
MENDOCINO,2018,0,
MENDOCINO,2019,3,3.3
MENDOCINO,2020,2,2.2
MENDOCINO,2021,1,1.1
MENDOCINO,2022,3,3.4
MERCED,2001,6,2.8
MERCED,2002,15,6.7
MERCED,2003,17,7.4
MERCED,2004,11,4.7
MERCED,2005,17,7.1
MERCED,2006,11,4.5
MERCED,2007,11,4.4
MERCED,2008,14,5.6
MERCED,2009,18,7.1
MERCED,2010,57,22.3
MERCED,2011,53,20.4
MERCED,2012,62,23.6
MERCED,2013,54,20.5
MERCED,2014,54,20.3
MERCED,2015,91,34.1
MERCED,2016,81,30.1
MERCED,2017,107,39.3
MERCED,2018,137,49.8
MERCED,2019,106,38.1
MERCED,2020,79,28.1
MERCED,2021,81,28.7
MERCED,2022,69,24.2
MODOC,2001,0,
MODOC,2002,0,
MODOC,2003,0,
MODOC,2004,0,
MODOC,2005,0,
MODOC,2006,0,
MODOC,2007,0,
MODOC,2008,0,
MODOC,2009,0,
MODOC,2010,0,
MODOC,2011,0,
MODOC,2012,0,
MODOC,2013,0,
MODOC,2014,0,
MODOC,2015,0,
MODOC,2016,0,
MODOC,2017,0,
MODOC,2018,0,
MODOC,2019,0,
MODOC,2020,0,
MODOC,2021,0,
MODOC,2022,0,
MONO,2001,0,
MONO,2002,0,
MONO,2003,1,7.4
MONO,2004,0,
MONO,2005,0,
MONO,2006,0,
MONO,2007,1,7.0
MONO,2008,0,
MONO,2009,0,
MONO,2010,0,
MONO,2011,0,
MONO,2012,0,
MONO,2013,0,
MONO,2014,0,
MONO,2015,0,
MONO,2016,0,
MONO,2017,0,
MONO,2018,1,7.6
MONO,2019,0,
MONO,2020,0,
MONO,2021,2,15.1
MONO,2022,0,
MONTEREY,2001,12,3.0
MONTEREY,2002,8,2.0
MONTEREY,2003,6,1.5
MONTEREY,2004,18,4.4
MONTEREY,2005,29,7.1
MONTEREY,2006,49,12.1
MONTEREY,2007,33,8.1
MONTEREY,2008,29,7.1
MONTEREY,2009,39,9.4
MONTEREY,2010,56,13.5
MONTEREY,2011,67,15.9
MONTEREY,2012,76,17.9
MONTEREY,2013,69,16.2
MONTEREY,2014,24,5.6
MONTEREY,2015,38,8.8
MONTEREY,2016,79,18.1
MONTEREY,2017,191,43.6
MONTEREY,2018,238,54.1
MONTEREY,2019,188,42.6
MONTEREY,2020,116,26.4
MONTEREY,2021,120,27.4
MONTEREY,2022,113,26.0
NAPA,2001,0,
NAPA,2002,0,
NAPA,2003,1,0.8
NAPA,2004,0,
NAPA,2005,0,
NAPA,2006,3,2.3
NAPA,2007,1,0.8
NAPA,2008,0,
NAPA,2009,1,0.7
NAPA,2010,1,0.7
NAPA,2011,1,0.7
NAPA,2012,3,2.2
NAPA,2013,0,
NAPA,2014,0,
NAPA,2015,0,
NAPA,2016,2,1.4
NAPA,2017,1,0.7
NAPA,2018,1,0.7
NAPA,2019,4,2.9
NAPA,2020,1,0.7
NAPA,2021,5,3.6
NAPA,2022,1,0.7
NEVADA,2001,0,
NEVADA,2002,0,
NEVADA,2003,0,
NEVADA,2004,0,
NEVADA,2005,0,
NEVADA,2006,1,1.0
NEVADA,2007,0,
NEVADA,2008,1,1.0
NEVADA,2009,2,2.0
NEVADA,2010,1,1.0
NEVADA,2011,1,1.0
NEVADA,2012,2,2.0
NEVADA,2013,0,
NEVADA,2014,0,
NEVADA,2015,0,
NEVADA,2016,0,
NEVADA,2017,0,
NEVADA,2018,1,1.0
NEVADA,2019,0,
NEVADA,2020,4,3.9
NEVADA,2021,1,1.0
NEVADA,2022,1,1.0
ORANGE,2001,27,0.9
ORANGE,2002,24,0.8
ORANGE,2003,24,0.8
ORANGE,2004,33,1.1
ORANGE,2005,39,1.3
ORANGE,2006,43,1.5
ORANGE,2007,36,1.2
ORANGE,2008,43,1.4
ORANGE,2009,71,2.4
ORANGE,2010,39,1.3
ORANGE,2011,83,2.7
ORANGE,2012,115,3.7
ORANGE,2013,72,2.3
ORANGE,2014,77,2.5
ORANGE,2015,172,5.5
ORANGE,2016,109,3.4
ORANGE,2017,230,7.2
ORANGE,2018,195,6.1
ORANGE,2019,287,9.0
ORANGE,2020,240,7.5
ORANGE,2021,284,9.0
ORANGE,2022,297,9.4
PASADENA,2001,0,
PASADENA,2002,1,0.7
PASADENA,2003,1,0.7
PASADENA,2004,1,0.7
PASADENA,2005,0,
PASADENA,2006,1,0.7
PASADENA,2007,1,0.7
PASADENA,2008,2,1.5
PASADENA,2009,2,1.5
PASADENA,2010,3,2.2
PASADENA,2011,1,0.7
PASADENA,2012,2,1.4
PASADENA,2013,1,0.7
PASADENA,2014,1,0.7
PASADENA,2015,1,0.7
PASADENA,2016,2,1.4
PASADENA,2017,9,6.3
PASADENA,2018,5,3.5
PASADENA,2019,4,2.8
PASADENA,2020,3,2.1
PASADENA,2021,19,13.7
PASADENA,2022,9,6.5
PLACER,2001,0,
PLACER,2002,1,0.4
PLACER,2003,1,0.3
PLACER,2004,2,0.7
PLACER,2005,1,0.3
PLACER,2006,4,1.2
PLACER,2007,1,0.3
PLACER,2008,1,0.3
PLACER,2009,2,0.6
PLACER,2010,1,0.3
PLACER,2011,2,0.6
PLACER,2012,7,1.9
PLACER,2013,3,0.8
PLACER,2014,0,
PLACER,2015,5,1.3
PLACER,2016,3,0.8
PLACER,2017,2,0.5
PLACER,2018,3,0.8
PLACER,2019,12,3.0
PLACER,2020,10,2.5
PLACER,2021,9,2.2
PLACER,2022,9,2.2
PLUMAS,2001,0,
PLUMAS,2002,1,4.8
PLUMAS,2003,0,
PLUMAS,2004,0,
PLUMAS,2005,0,
PLUMAS,2006,0,
PLUMAS,2007,0,
PLUMAS,2008,0,
PLUMAS,2009,1,5.0
PLUMAS,2010,0,
PLUMAS,2011,1,5.0
PLUMAS,2012,0,
PLUMAS,2013,2,10.1
PLUMAS,2014,1,5.1
PLUMAS,2015,0,
PLUMAS,2016,0,
PLUMAS,2017,0,
PLUMAS,2018,2,10.2
PLUMAS,2019,0,
PLUMAS,2020,0,
PLUMAS,2021,0,
PLUMAS,2022,0,
RIVERSIDE,2001,30,1.8
RIVERSIDE,2002,28,1.7
RIVERSIDE,2003,26,1.5
RIVERSIDE,2004,49,2.6
RIVERSIDE,2005,50,2.6
RIVERSIDE,2006,55,2.7
RIVERSIDE,2007,47,2.3
RIVERSIDE,2008,46,2.2
RIVERSIDE,2009,76,3.5
RIVERSIDE,2010,83,3.8
RIVERSIDE,2011,72,3.2
RIVERSIDE,2012,56,2.5
RIVERSIDE,2013,34,1.5
RIVERSIDE,2014,38,1.7
RIVERSIDE,2015,57,2.5
RIVERSIDE,2016,64,2.7
RIVERSIDE,2017,135,5.7
RIVERSIDE,2018,142,6.0
RIVERSIDE,2019,290,12.1
RIVERSIDE,2020,313,12.9
RIVERSIDE,2021,455,18.7
RIVERSIDE,2022,349,14.3
SACRAMENTO,2001,5,0.4
SACRAMENTO,2002,8,0.6
SACRAMENTO,2003,9,0.7
SACRAMENTO,2004,13,1.0
SACRAMENTO,2005,12,0.9
SACRAMENTO,2006,12,0.9
SACRAMENTO,2007,15,1.1
SACRAMENTO,2008,6,0.4
SACRAMENTO,2009,3,0.2
SACRAMENTO,2010,15,1.1
SACRAMENTO,2011,41,2.8
SACRAMENTO,2012,5,0.3
SACRAMENTO,2013,9,0.6
SACRAMENTO,2014,18,1.2
SACRAMENTO,2015,23,1.5
SACRAMENTO,2016,27,1.8
SACRAMENTO,2017,41,2.7
SACRAMENTO,2018,43,2.8
SACRAMENTO,2019,103,6.6
SACRAMENTO,2020,57,3.6
SACRAMENTO,2021,81,5.1
SACRAMENTO,2022,54,3.4
SAN BENITO,2001,1,1.8
SAN BENITO,2002,0,
SAN BENITO,2003,2,3.6
SAN BENITO,2004,2,3.6
SAN BENITO,2005,1,1.8
SAN BENITO,2006,4,7.3
SAN BENITO,2007,0,
SAN BENITO,2008,1,1.8
SAN BENITO,2009,0,
SAN BENITO,2010,1,1.8
SAN BENITO,2011,2,3.6
SAN BENITO,2012,0,
SAN BENITO,2013,1,1.7
SAN BENITO,2014,1,1.7
SAN BENITO,2015,0,
SAN BENITO,2016,3,5.0
SAN BENITO,2017,4,6.6
SAN BENITO,2018,3,4.9
SAN BENITO,2019,5,7.9
SAN BENITO,2020,2,3.1
SAN BENITO,2021,10,15.3
SAN BENITO,2022,2,3.0
SAN BERNARDINO,2001,13,0.7
SAN BERNARDINO,2002,17,0.9
SAN BERNARDINO,2003,15,0.8
SAN BERNARDINO,2004,27,1.4
SAN BERNARDINO,2005,35,1.8
SAN BERNARDINO,2006,33,1.7
SAN BERNARDINO,2007,24,1.2
SAN BERNARDINO,2008,23,1.1
SAN BERNARDINO,2009,38,1.9
SAN BERNARDINO,2010,71,3.5
SAN BERNARDINO,2011,50,2.4
SAN BERNARDINO,2012,59,2.8
SAN BERNARDINO,2013,49,2.3
SAN BERNARDINO,2014,33,1.6
SAN BERNARDINO,2015,29,1.4
SAN BERNARDINO,2016,38,1.8
SAN BERNARDINO,2017,88,4.1
SAN BERNARDINO,2018,97,4.5
SAN BERNARDINO,2019,229,10.5
SAN BERNARDINO,2020,233,10.7
SAN BERNARDINO,2021,250,11.4
SAN BERNARDINO,2022,229,10.5
SAN DIEGO,2001,57,2.0
SAN DIEGO,2002,59,2.0
SAN DIEGO,2003,55,1.9
SAN DIEGO,2004,62,2.1
SAN DIEGO,2005,73,2.5
SAN DIEGO,2006,53,1.8
SAN DIEGO,2007,82,2.7
SAN DIEGO,2008,136,4.5
SAN DIEGO,2009,135,4.4
SAN DIEGO,2010,137,4.4
SAN DIEGO,2011,148,4.7
SAN DIEGO,2012,139,4.4
SAN DIEGO,2013,93,2.9
SAN DIEGO,2014,88,2.7
SAN DIEGO,2015,113,3.5
SAN DIEGO,2016,132,4.0
SAN DIEGO,2017,274,8.4
SAN DIEGO,2018,276,8.4
SAN DIEGO,2019,417,12.7
SAN DIEGO,2020,461,14.0
SAN DIEGO,2021,448,13.6
SAN DIEGO,2022,415,12.7
SAN FRANCISCO,2001,3,0.4
SAN FRANCISCO,2002,0,
SAN FRANCISCO,2003,3,0.4
SAN FRANCISCO,2004,6,0.8
SAN FRANCISCO,2005,3,0.4
SAN FRANCISCO,2006,7,0.9
SAN FRANCISCO,2007,7,0.9
SAN FRANCISCO,2008,0,
SAN FRANCISCO,2009,0,
SAN FRANCISCO,2010,4,0.5
SAN FRANCISCO,2011,9,1.1
SAN FRANCISCO,2012,3,0.4
SAN FRANCISCO,2013,18,2.1
SAN FRANCISCO,2014,4,0.5
SAN FRANCISCO,2015,13,1.5
SAN FRANCISCO,2016,7,0.8
SAN FRANCISCO,2017,14,1.6
SAN FRANCISCO,2018,12,1.4
SAN FRANCISCO,2019,25,2.9
SAN FRANCISCO,2020,18,2.1
SAN FRANCISCO,2021,29,3.5
SAN FRANCISCO,2022,18,2.2
SAN JOAQUIN,2001,11,1.9
SAN JOAQUIN,2002,20,3.3
SAN JOAQUIN,2003,17,2.7
SAN JOAQUIN,2004,28,4.4
SAN JOAQUIN,2005,26,4.0
SAN JOAQUIN,2006,39,5.9
SAN JOAQUIN,2007,47,7.0
SAN JOAQUIN,2008,34,5.0
SAN JOAQUIN,2009,28,4.1
SAN JOAQUIN,2010,55,8.0
SAN JOAQUIN,2011,111,16.0
SAN JOAQUIN,2012,73,10.4
SAN JOAQUIN,2013,51,7.2
SAN JOAQUIN,2014,61,8.5
SAN JOAQUIN,2015,97,13.3
SAN JOAQUIN,2016,191,25.8
SAN JOAQUIN,2017,204,27.2
SAN JOAQUIN,2018,242,31.9
SAN JOAQUIN,2019,281,36.4
SAN JOAQUIN,2020,134,17.2
SAN JOAQUIN,2021,117,14.9
SAN JOAQUIN,2022,104,13.3
SAN LUIS OBISPO,2001,45,17.9
SAN LUIS OBISPO,2002,46,18.1
SAN LUIS OBISPO,2003,68,26.6
SAN LUIS OBISPO,2004,94,36.4
SAN LUIS OBISPO,2005,90,34.6
SAN LUIS OBISPO,2006,174,66.5
SAN LUIS OBISPO,2007,83,31.4
SAN LUIS OBISPO,2008,81,30.4
SAN LUIS OBISPO,2009,78,29.1
SAN LUIS OBISPO,2010,164,60.8
SAN LUIS OBISPO,2011,172,63.3
SAN LUIS OBISPO,2012,108,39.3
SAN LUIS OBISPO,2013,53,19.2
SAN LUIS OBISPO,2014,27,9.7
SAN LUIS OBISPO,2015,65,23.2
SAN LUIS OBISPO,2016,259,91.9
SAN LUIS OBISPO,2017,439,155.6
SAN LUIS OBISPO,2018,347,122.6
SAN LUIS OBISPO,2019,268,94.8
SAN LUIS OBISPO,2020,178,63.0
SAN LUIS OBISPO,2021,173,62.1
SAN LUIS OBISPO,2022,144,51.5
SAN MATEO,2001,3,0.4
SAN MATEO,2002,10,1.4
SAN MATEO,2003,0,
SAN MATEO,2004,5,0.7
SAN MATEO,2005,4,0.6
SAN MATEO,2006,7,1.0
SAN MATEO,2007,8,1.1
SAN MATEO,2008,6,0.8
SAN MATEO,2009,6,0.8
SAN MATEO,2010,6,0.8
SAN MATEO,2011,9,1.2
SAN MATEO,2012,16,2.2
SAN MATEO,2013,10,1.3
SAN MATEO,2014,3,0.4
SAN MATEO,2015,5,0.7
SAN MATEO,2016,4,0.5
SAN MATEO,2017,18,2.4
SAN MATEO,2018,16,2.1
SAN MATEO,2019,27,3.5
SAN MATEO,2020,17,2.2
SAN MATEO,2021,22,2.9
SAN MATEO,2022,22,3.0
SANTA BARBARA,2001,10,2.5
SANTA BARBARA,2002,11,2.7
SANTA BARBARA,2003,8,2.0
SANTA BARBARA,2004,13,3.2
SANTA BARBARA,2005,25,6.1
SANTA BARBARA,2006,26,6.3
SANTA BARBARA,2007,16,3.8
SANTA BARBARA,2008,11,2.6
SANTA BARBARA,2009,18,4.3
SANTA BARBARA,2010,36,8.5
SANTA BARBARA,2011,19,4.5
SANTA BARBARA,2012,24,5.6
SANTA BARBARA,2013,23,5.3
SANTA BARBARA,2014,15,3.4
SANTA BARBARA,2015,25,5.7
SANTA BARBARA,2016,62,14.0
SANTA BARBARA,2017,115,25.8
SANTA BARBARA,2018,107,23.9
SANTA BARBARA,2019,75,16.7
SANTA BARBARA,2020,62,13.8
SANTA BARBARA,2021,66,15.0
SANTA BARBARA,2022,41,9.3
SANTA CLARA,2001,12,0.7
SANTA CLARA,2002,7,0.4
SANTA CLARA,2003,6,0.4
SANTA CLARA,2004,9,0.5
SANTA CLARA,2005,6,0.4
SANTA CLARA,2006,30,1.8
SANTA CLARA,2007,51,2.9
SANTA CLARA,2008,22,1.3
SANTA CLARA,2009,16,0.9
SANTA CLARA,2010,29,1.6
SANTA CLARA,2011,29,1.6
SANTA CLARA,2012,26,1.4
SANTA CLARA,2013,17,0.9
SANTA CLARA,2014,12,0.6
SANTA CLARA,2015,17,0.9
SANTA CLARA,2016,39,2.0
SANTA CLARA,2017,40,2.1
SANTA CLARA,2018,77,4.0
SANTA CLARA,2019,78,4.0
SANTA CLARA,2020,44,2.3
SANTA CLARA,2021,65,3.4
SANTA CLARA,2022,84,4.5
SANTA CRUZ,2001,1,0.4
SANTA CRUZ,2002,1,0.4
SANTA CRUZ,2003,0,
SANTA CRUZ,2004,0,
SANTA CRUZ,2005,1,0.4
SANTA CRUZ,2006,2,0.8
SANTA CRUZ,2007,4,1.6
SANTA CRUZ,2008,2,0.8
SANTA CRUZ,2009,3,1.1
SANTA CRUZ,2010,5,1.9
SANTA CRUZ,2011,3,1.1
SANTA CRUZ,2012,10,3.7
SANTA CRUZ,2013,5,1.8
SANTA CRUZ,2014,3,1.1
SANTA CRUZ,2015,1,0.4
SANTA CRUZ,2016,9,3.3
SANTA CRUZ,2017,9,3.3
SANTA CRUZ,2018,14,5.1
SANTA CRUZ,2019,21,7.7
SANTA CRUZ,2020,3,1.1
SANTA CRUZ,2021,17,6.5
SANTA CRUZ,2022,16,6.0
SHASTA,2001,3,1.8
SHASTA,2002,0,
SHASTA,2003,0,
SHASTA,2004,0,
SHASTA,2005,0,
SHASTA,2006,0,
SHASTA,2007,0,
SHASTA,2008,0,
SHASTA,2009,2,1.1
SHASTA,2010,1,0.6
SHASTA,2011,2,1.1
SHASTA,2012,0,
SHASTA,2013,0,
SHASTA,2014,1,0.6
SHASTA,2015,0,
SHASTA,2016,2,1.1
SHASTA,2017,0,
SHASTA,2018,0,
SHASTA,2019,0,
SHASTA,2020,1,0.5
SHASTA,2021,0,
SHASTA,2022,0,
SIERRA,2001,0,
SIERRA,2002,0,
SIERRA,2003,0,
SIERRA,2004,0,
SIERRA,2005,0,
SIERRA,2006,0,
SIERRA,2007,0,
SIERRA,2008,0,
SIERRA,2009,0,
SIERRA,2010,0,
SIERRA,2011,0,
SIERRA,2012,0,
SIERRA,2013,0,
SIERRA,2014,0,
SIERRA,2015,0,
SIERRA,2016,0,
SIERRA,2017,0,
SIERRA,2018,0,
SIERRA,2019,0,
SIERRA,2020,0,
SIERRA,2021,0,
SIERRA,2022,0,
SISKIYOU,2001,0,
SISKIYOU,2002,0,
SISKIYOU,2003,0,
SISKIYOU,2004,0,
SISKIYOU,2005,1,2.2
SISKIYOU,2006,0,
SISKIYOU,2007,1,2.2
SISKIYOU,2008,0,
SISKIYOU,2009,1,2.2
SISKIYOU,2010,0,
SISKIYOU,2011,0,
SISKIYOU,2012,0,
SISKIYOU,2013,1,2.2
SISKIYOU,2014,0,
SISKIYOU,2015,0,
SISKIYOU,2016,2,4.5
SISKIYOU,2017,2,4.5
SISKIYOU,2018,0,
SISKIYOU,2019,1,2.3
SISKIYOU,2020,2,4.5
SISKIYOU,2021,0,
SISKIYOU,2022,1,2.3
SOLANO,2001,3,0.7
SOLANO,2002,0,
SOLANO,2003,0,
SOLANO,2004,1,0.2
SOLANO,2005,2,0.5
SOLANO,2006,11,2.7
SOLANO,2007,6,1.5
SOLANO,2008,11,2.7
SOLANO,2009,2,0.5
SOLANO,2010,10,2.4
SOLANO,2011,15,3.6
SOLANO,2012,8,1.9
SOLANO,2013,6,1.4
SOLANO,2014,5,1.2
SOLANO,2015,19,4.4
SOLANO,2016,16,3.6
SOLANO,2017,18,4.0
SOLANO,2018,17,3.8
SOLANO,2019,34,7.5
SOLANO,2020,22,4.9
SOLANO,2021,34,7.6
SOLANO,2022,27,6.1
SONOMA,2001,0,
SONOMA,2002,0,
SONOMA,2003,3,0.6
SONOMA,2004,0,
SONOMA,2005,1,0.2
SONOMA,2006,0,
SONOMA,2007,2,0.4
SONOMA,2008,0,
SONOMA,2009,0,
SONOMA,2010,1,0.2
SONOMA,2011,4,0.8
SONOMA,2012,4,0.8
SONOMA,2013,1,0.2
SONOMA,2014,5,1.0
SONOMA,2015,1,0.2
SONOMA,2016,2,0.4
SONOMA,2017,3,0.6
SONOMA,2018,3,0.6
SONOMA,2019,12,2.4
SONOMA,2020,7,1.4
SONOMA,2021,20,4.1
SONOMA,2022,10,2.1
STANISLAUS,2001,4,0.9
STANISLAUS,2002,16,3.4
STANISLAUS,2003,16,3.3
STANISLAUS,2004,17,3.5
STANISLAUS,2005,15,3.0
STANISLAUS,2006,19,3.8
STANISLAUS,2007,19,3.7
STANISLAUS,2008,15,2.9
STANISLAUS,2009,18,3.5
STANISLAUS,2010,52,10.1
STANISLAUS,2011,58,11.2
STANISLAUS,2012,62,11.8
STANISLAUS,2013,39,7.4
STANISLAUS,2014,36,6.8
STANISLAUS,2015,48,9.0
STANISLAUS,2016,81,15.0
STANISLAUS,2017,122,22.3
STANISLAUS,2018,76,13.8
STANISLAUS,2019,81,14.7
STANISLAUS,2020,67,12.1
STANISLAUS,2021,86,15.6
STANISLAUS,2022,63,11.5
SUTTER,2001,1,1.2
SUTTER,2002,1,1.2
SUTTER,2003,0,
SUTTER,2004,0,
SUTTER,2005,2,2.3
SUTTER,2006,1,1.1
SUTTER,2007,0,
SUTTER,2008,0,
SUTTER,2009,0,
SUTTER,2010,1,1.1
SUTTER,2011,1,1.1
SUTTER,2012,1,1.1
SUTTER,2013,1,1.0
SUTTER,2014,0,
SUTTER,2015,0,
SUTTER,2016,1,1.0
SUTTER,2017,3,3.1
SUTTER,2018,0,
SUTTER,2019,4,4.0
SUTTER,2020,1,1.0
SUTTER,2021,1,1.0
SUTTER,2022,0,
TEHAMA,2001,2,3.5
TEHAMA,2002,0,
TEHAMA,2003,0,
TEHAMA,2004,0,
TEHAMA,2005,0,
TEHAMA,2006,0,
TEHAMA,2007,0,
TEHAMA,2008,0,
TEHAMA,2009,0,
TEHAMA,2010,0,
TEHAMA,2011,0,
TEHAMA,2012,1,1.6
TEHAMA,2013,1,1.6
TEHAMA,2014,1,1.6
TEHAMA,2015,0,
TEHAMA,2016,1,1.6
TEHAMA,2017,0,
TEHAMA,2018,1,1.5
TEHAMA,2019,2,3.1
TEHAMA,2020,3,4.6
TEHAMA,2021,2,3.1
TEHAMA,2022,1,1.5
TRINITY,2001,0,
TRINITY,2002,0,
TRINITY,2003,0,
TRINITY,2004,0,
TRINITY,2005,0,
TRINITY,2006,0,
TRINITY,2007,0,
TRINITY,2008,0,
TRINITY,2009,1,7.3
TRINITY,2010,0,
TRINITY,2011,0,
TRINITY,2012,0,
TRINITY,2013,0,
TRINITY,2014,0,
TRINITY,2015,0,
TRINITY,2016,0,
TRINITY,2017,0,
TRINITY,2018,1,6.3
TRINITY,2019,0,
TRINITY,2020,0,
TRINITY,2021,0,
TRINITY,2022,0,
TULARE,2001,74,19.8
TULARE,2002,89,23.3
TULARE,2003,143,36.6
TULARE,2004,158,39.5
TULARE,2005,125,30.6
TULARE,2006,196,47.1
TULARE,2007,172,40.6
TULARE,2008,201,46.6
TULARE,2009,229,52.2
TULARE,2010,194,43.9
TULARE,2011,129,28.8
TULARE,2012,155,34.4
TULARE,2013,116,25.6
TULARE,2014,109,23.9
TULARE,2015,121,26.3
TULARE,2016,249,53.9
TULARE,2017,290,62.3
TULARE,2018,287,61.4
TULARE,2019,418,88.8
TULARE,2020,309,65.4
TULARE,2021,317,66.8
TULARE,2022,312,65.7
TUOLUMNE,2001,2,3.6
TUOLUMNE,2002,1,1.8
TUOLUMNE,2003,1,1.8
TUOLUMNE,2004,3,5.3
TUOLUMNE,2005,0,
TUOLUMNE,2006,6,10.6
TUOLUMNE,2007,3,5.3
TUOLUMNE,2008,0,
TUOLUMNE,2009,3,5.4
TUOLUMNE,2010,1,1.8
TUOLUMNE,2011,3,5.4
TUOLUMNE,2012,6,11.0
TUOLUMNE,2013,0,
TUOLUMNE,2014,0,
TUOLUMNE,2015,1,1.8
TUOLUMNE,2016,6,10.9
TUOLUMNE,2017,6,10.9
TUOLUMNE,2018,2,3.6
TUOLUMNE,2019,1,1.8
TUOLUMNE,2020,2,3.6
TUOLUMNE,2021,1,1.8
TUOLUMNE,2022,2,3.7
VENTURA,2001,21,2.7
VENTURA,2002,10,1.3
VENTURA,2003,43,5.4
VENTURA,2004,84,10.6
VENTURA,2005,26,3.3
VENTURA,2006,28,3.5
VENTURA,2007,73,9.1
VENTURA,2008,46,5.7
VENTURA,2009,51,6.2
VENTURA,2010,64,7.8
VENTURA,2011,34,4.1
VENTURA,2012,90,10.7
VENTURA,2013,39,4.6
VENTURA,2014,42,5.0
VENTURA,2015,48,5.6
VENTURA,2016,65,7.6
VENTURA,2017,257,30.2
VENTURA,2018,231,27.2
VENTURA,2019,371,43.9
VENTURA,2020,266,31.5
VENTURA,2021,186,22.2
VENTURA,2022,235,28.3
YOLO,2001,1,0.6
YOLO,2002,2,1.1
YOLO,2003,2,1.1
YOLO,2004,3,1.6
YOLO,2005,1,0.5
YOLO,2006,2,1.0
YOLO,2007,1,0.5
YOLO,2008,2,1.0
YOLO,2009,4,2.0
YOLO,2010,5,2.5
YOLO,2011,4,2.0
YOLO,2012,3,1.5
YOLO,2013,0,
YOLO,2014,3,1.4
YOLO,2015,4,1.9
YOLO,2016,6,2.8
YOLO,2017,4,1.9
YOLO,2018,3,1.4
YOLO,2019,16,7.4
YOLO,2020,9,4.1
YOLO,2021,8,3.7
YOLO,2022,5,2.2
YUBA,2001,0,
YUBA,2002,0,
YUBA,2003,0,
YUBA,2004,0,
YUBA,2005,1,1.5
YUBA,2006,0,
YUBA,2007,0,
YUBA,2008,2,2.8
YUBA,2009,0,
YUBA,2010,0,
YUBA,2011,1,1.4
YUBA,2012,0,
YUBA,2013,1,1.3
YUBA,2014,0,
YUBA,2015,0,
YUBA,2016,0,
YUBA,2017,3,3.8
YUBA,2018,2,2.5
YUBA,2019,5,6.2
YUBA,2020,2,2.4
YUBA,2021,2,2.4
YUBA,2022,2,2.4
